[
  {
    "FeedbackId": 265646,
    "GSIFeedbackId": 378533,
    "CustomerId": 2286670,
    "VisitId": 1766661,
    "OverallRating": "Excellent",
    "GSI": 96.88,
    "Feedback": "My experience was good",
    "UrgentFeed": 0,
    "UrgentFeedStatus": "NULL",
    "ActionTaken": "NULL"
  },
  {
    "FeedbackId": 444097,
    "GSIFeedbackId": 662281,
    "CustomerId": 1107491,
    "VisitId": 1899728,
    "OverallRating": "Excellent",
    "GSI": 100,
    "Feedback": "My experience was good",
    "UrgentFeed": 0,
    "UrgentFeedStatus": "NULL",
    "ActionTaken": "NULL"
  },
  {
    "FeedbackId": 487469,
    "GSIFeedbackId": 216204,
    "CustomerId": 980645,
    "VisitId": 2792426,
    "OverallRating": "Good",
    "GSI": 78.13,
    "Feedback": "My experience was good",
    "UrgentFeed": 0,
    "UrgentFeedStatus": "NULL",
    "ActionTaken": "NULL"
  },
  {
    "FeedbackId": 69145,
    "GSIFeedbackId": 182896,
    "CustomerId": 980645,
    "VisitId": 1384725,
    "OverallRating": "Excellent",
    "GSI": 100,
    "Feedback": "My experience was good",
    "UrgentFeed": 0,
    "UrgentFeedStatus": "NULL",
    "ActionTaken": "NULL"
  },
  {
    "FeedbackId": 403508,
    "GSIFeedbackId": 785073,
    "CustomerId": 2001303,
    "VisitId": 2812552,
    "OverallRating": "Good",
    "GSI": 75,
    "Feedback": "My experience was good",
    "UrgentFeed": 0,
    "UrgentFeedStatus": "NULL",
    "ActionTaken": "NULL"
  },
  {
    "FeedbackId": 216962,
    "GSIFeedbackId": 662270,
    "CustomerId": 2168832,
    "VisitId": 3066480,
    "OverallRating": "Excellent",
    "GSI": 100,
    "Feedback": "My experience was good",
    "UrgentFeed": 0,
    "UrgentFeedStatus": "NULL",
    "ActionTaken": "NULL"
  },
  {
    "FeedbackId": 247823,
    "GSIFeedbackId": 662283,
    "CustomerId": 948934,
    "VisitId": 2876061,
    "OverallRating": "Excellent",
    "GSI": 69.44,
    "Feedback": "My experience was good",
    "UrgentFeed": 0,
    "UrgentFeedStatus": "NULL",
    "ActionTaken": "NULL"
  },
  {
    "FeedbackId": 547168,
    "GSIFeedbackId": 787934,
    "CustomerId": 2358241,
    "VisitId": 2049855,
    "OverallRating": "Excellent",
    "GSI": 86.11,
    "Feedback": "My experience was good",
    "UrgentFeed": 0,
    "UrgentFeedStatus": "NULL",
    "ActionTaken": "NULL"
  },
  {
    "FeedbackId": 48347,
    "GSIFeedbackId": 662284,
    "CustomerId": 2001303,
    "VisitId": 1038954,
    "OverallRating": "Good",
    "GSI": 69.44,
    "Feedback": "My experience was good",
    "UrgentFeed": 0,
    "UrgentFeedStatus": "NULL",
    "ActionTaken": "NULL"
  },
  {
    "FeedbackId": 140709,
    "GSIFeedbackId": 662282,
    "CustomerId": 2358241,
    "VisitId": 2033060,
    "OverallRating": "Excellent",
    "GSI": 94.44,
    "Feedback": "My experience was good",
    "UrgentFeed": 0,
    "UrgentFeedStatus": "NULL",
    "ActionTaken": "NULL"
  },
  {
    "FeedbackId": 292260,
    "GSIFeedbackId": 662269,
    "CustomerId": 2286670,
    "VisitId": 1650399,
    "OverallRating": "Excellent",
    "GSI": 97.22,
    "Feedback": "My experience was good",
    "UrgentFeed": 0,
    "UrgentFeedStatus": "NULL",
    "ActionTaken": "NULL"
  },
  {
    "FeedbackId": 344429,
    "GSIFeedbackId": 662273,
    "CustomerId": 980645,
    "VisitId": 1126054,
    "OverallRating": "Good",
    "GSI": 47.22,
    "Feedback": "My experience was good",
    "UrgentFeed": 0,
    "UrgentFeedStatus": "NULL",
    "ActionTaken": "NULL"
  },
  {
    "FeedbackId": 448530,
    "GSIFeedbackId": 337050,
    "CustomerId": 980645,
    "VisitId": 2121769,
    "OverallRating": "Good",
    "GSI": 75,
    "Feedback": "My experience was good",
    "UrgentFeed": 0,
    "UrgentFeedStatus": "NULL",
    "ActionTaken": "NULL"
  },
  {
    "FeedbackId": 113027,
    "GSIFeedbackId": 662275,
    "CustomerId": 542255,
    "VisitId": 1906486,
    "OverallRating": "Excellent",
    "GSI": 93.75,
    "Feedback": "My experience was good",
    "UrgentFeed": 0,
    "UrgentFeedStatus": "NULL",
    "ActionTaken": "NULL"
  },
  {
    "FeedbackId": 281813,
    "GSIFeedbackId": 225955,
    "CustomerId": 2286670,
    "VisitId": 1197201,
    "OverallRating": "Excellent",
    "GSI": 96.43,
    "Feedback": "My experience was good",
    "UrgentFeed": 0,
    "UrgentFeedStatus": "NULL",
    "ActionTaken": "NULL"
  },
  {
    "FeedbackId": 299156,
    "GSIFeedbackId": 662265,
    "CustomerId": 2596696,
    "VisitId": 2596654,
    "OverallRating": "Good",
    "GSI": 87.5,
    "Feedback": "My experience was good",
    "UrgentFeed": 0,
    "UrgentFeedStatus": "NULL",
    "ActionTaken": "NULL"
  }
]