[
  {
    "VisitId": 1906486,
    "CustomerId": 542255,
    "OutletId": 1,
    "ReservationDate": "4/1/2016",
    "ReservationTime": "1754-01-01 15:00:00.000",
    "Session": "Lunch",
    "TotalPax": 4,
    "Adult": 4,
    "Child": 0,
    "ConfirmTime": "1754-01-01 15:01:00.000",
    "SeatedTime": "1754-01-01 15:01:00.000",
    "SettlementTime": "1754-01-01 16:38:37.703",
    "Status": "Lunch",
    "TableNo": 57,
    "BillNo": "00000P0006000060707",
    "Amount": 2805,
    "ReservationType": "Telephone",
    "BBQFestival": "NULL",
    "CalendarFestival": "NULL",
    "VisitRemark": "NULL",
    "CarNo": "NULL"
  },
  {
    "VisitId": 2787149,
    "CustomerId": 2001303,
    "OutletId": 39,
    "ReservationDate": "12/21/2015",
    "ReservationTime": "1754-01-01 21:33:07.413",
    "Session": "Dinner",
    "TotalPax": 9,
    "Adult": 9,
    "Child": 0,
    "ConfirmTime": "1754-01-01 21:34:07.113",
    "SeatedTime": "1754-01-01 21:43:29.540",
    "SettlementTime": "1754-01-01 23:19:13.067",
    "Status": "Dinner",
    "TableNo": 28,
    "BillNo": "00000P0069000016110",
    "Amount": 6525.37,
    "ReservationType": "Walk-in",
    "BBQFestival": "NULL",
    "CalendarFestival": "NULL",
    "VisitRemark": "NULL",
    "CarNo": "NULL"
  },
  {
    "VisitId": 1038954,
    "CustomerId": 2001303,
    "OutletId": 39,
    "ReservationDate": "4/1/2016",
    "ReservationTime": "1754-01-01 13:45:00.000",
    "Session": "Lunch",
    "TotalPax": 5,
    "Adult": 5,
    "Child": 0,
    "ConfirmTime": "1754-01-01 13:59:00.000",
    "SeatedTime": "1754-01-01 14:01:00.000",
    "SettlementTime": "1754-01-01 15:42:41.417",
    "Status": "Lunch",
    "TableNo": 18,
    "BillNo": "00000P0069000020352",
    "Amount": 2781.94,
    "ReservationType": "Walk-in",
    "BBQFestival": "NULL",
    "CalendarFestival": "NULL",
    "VisitRemark": "NULL",
    "CarNo": "NULL"
  },
  {
    "VisitId": 2049855,
    "CustomerId": 2358241,
    "OutletId": 7,
    "ReservationDate": "4/1/2016",
    "ReservationTime": "1754-01-01 12:03:06.083",
    "Session": "Lunch",
    "TotalPax": 2,
    "Adult": 2,
    "Child": 0,
    "ConfirmTime": "1754-01-01 12:03:22.593",
    "SeatedTime": "1754-01-01 12:16:05.837",
    "SettlementTime": "1754-01-01 16:22:25.847",
    "Status": "Lunch",
    "TableNo": 7,
    "BillNo": "00000P0015000074977",
    "Amount": 1100,
    "ReservationType": "Walk-in",
    "BBQFestival": "NULL",
    "CalendarFestival": "NULL",
    "VisitRemark": "NULL",
    "CarNo": "NULL"
  },
  {
    "VisitId": 2033060,
    "CustomerId": 2358241,
    "OutletId": 7,
    "ReservationDate": "7/18/2016",
    "ReservationTime": "1754-01-01 13:06:36.547",
    "Session": "Lunch",
    "TotalPax": 2,
    "Adult": 2,
    "Child": 0,
    "ConfirmTime": "1754-01-01 13:10:10.890",
    "SeatedTime": "1754-01-01 13:54:26.283",
    "SettlementTime": "1754-01-01 16:17:00.403",
    "Status": "Lunch",
    "TableNo": 7,
    "BillNo": "00000P0015000083674",
    "Amount": 1100,
    "ReservationType": "Walk-in",
    "BBQFestival": "NULL",
    "CalendarFestival": "NULL",
    "VisitRemark": "NULL",
    "CarNo": "NULL"
  },
  {
    "VisitId": 377871,
    "CustomerId": 2358241,
    "OutletId": 7,
    "ReservationDate": "4/1/2015",
    "ReservationTime": "1754-01-01 13:57:25.767",
    "Session": "Lunch",
    "TotalPax": 3,
    "Adult": 3,
    "Child": 0,
    "ConfirmTime": "1754-01-01 13:58:57.667",
    "SeatedTime": "1754-01-01 14:07:54.127",
    "SettlementTime": "1754-01-01 16:18:18.847",
    "Status": "Lunch",
    "TableNo": 7,
    "BillNo": "00000P0015000047265",
    "Amount": 1660,
    "ReservationType": "Walk-in",
    "BBQFestival": "NULL",
    "CalendarFestival": "NULL",
    "VisitRemark": "NULL",
    "CarNo": "NULL"
  },
  {
    "VisitId": 1766661,
    "CustomerId": 2286670,
    "OutletId": 12,
    "ReservationDate": "3/23/2015",
    "ReservationTime": "1754-01-01 14:13:03.400",
    "Session": "Lunch",
    "TotalPax": 2,
    "Adult": 2,
    "Child": 0,
    "ConfirmTime": "1754-01-01 14:15:02.870",
    "SeatedTime": "1754-01-01 14:29:13.910",
    "SettlementTime": "1754-01-01 16:07:28.417",
    "Status": "Lunch",
    "TableNo": 25,
    "BillNo": "00000P0021100015180",
    "Amount": 1100,
    "ReservationType": "Walk-in",
    "BBQFestival": "NULL",
    "CalendarFestival": "NULL",
    "VisitRemark": "NULL",
    "CarNo": "NULL"
  },
  {
    "VisitId": 1650399,
    "CustomerId": 2286670,
    "OutletId": 1,
    "ReservationDate": "4/1/2016",
    "ReservationTime": "1754-01-01 13:28:52.043",
    "Session": "Lunch",
    "TotalPax": 1,
    "Adult": 1,
    "Child": 0,
    "ConfirmTime": "1754-01-01 13:29:01.813",
    "SeatedTime": "1754-01-01 13:30:10.753",
    "SettlementTime": "1754-01-01 14:10:30.930",
    "Status": "Lunch",
    "TableNo": 41,
    "BillNo": "00000P0006000060698",
    "Amount": 1125,
    "ReservationType": "Walk-in",
    "BBQFestival": "NULL",
    "CalendarFestival": "NULL",
    "VisitRemark": "NULL",
    "CarNo": "NULL"
  },
  {
    "VisitId": 1197201,
    "CustomerId": 2286670,
    "OutletId": 2,
    "ReservationDate": "12/28/2014",
    "ReservationTime": "1754-01-01 12:24:53.297",
    "Session": "Lunch",
    "TotalPax": 3,
    "Adult": 3,
    "Child": 0,
    "ConfirmTime": "1754-01-01 12:25:07.360",
    "SeatedTime": "1754-01-01 14:02:41.017",
    "SettlementTime": "1754-01-01 14:26:29.970",
    "Status": "Lunch",
    "TableNo": 37,
    "BillNo": "000000P008000044155",
    "Amount": 1960,
    "ReservationType": "Walk-in",
    "BBQFestival": "NULL",
    "CalendarFestival": "NULL",
    "VisitRemark": "NULL",
    "CarNo": "NULL"
  },
  {
    "VisitId": 572387,
    "CustomerId": 2286670,
    "OutletId": 2,
    "ReservationDate": "7/31/2015",
    "ReservationTime": "1754-01-01 13:13:26.827",
    "Session": "Lunch",
    "TotalPax": 6,
    "Adult": 6,
    "Child": 0,
    "ConfirmTime": "1754-01-01 13:13:52.063",
    "SeatedTime": "1754-01-01 13:25:23.423",
    "SettlementTime": "1754-01-01 15:30:21.797",
    "Status": "Lunch",
    "TableNo": 35,
    "BillNo": "000000P008000053808",
    "Amount": 3460,
    "ReservationType": "Walk-in",
    "BBQFestival": "NULL",
    "CalendarFestival": "NULL",
    "VisitRemark": "NULL",
    "CarNo": "NULL"
  },
  {
    "VisitId": 336254,
    "CustomerId": 2286670,
    "OutletId": 40,
    "ReservationDate": "6/24/2015",
    "ReservationTime": "1754-01-01 12:50:29.050",
    "Session": "Lunch",
    "TotalPax": 2,
    "Adult": 2,
    "Child": 0,
    "ConfirmTime": "1754-01-01 12:50:44.227",
    "SeatedTime": "1754-01-01 12:53:06.103",
    "SettlementTime": "1754-01-01 14:23:21.147",
    "Status": "Lunch",
    "TableNo": 11,
    "BillNo": "00000P0330000007272",
    "Amount": 1000,
    "ReservationType": "Walk-in",
    "BBQFestival": "NULL",
    "CalendarFestival": "NULL",
    "VisitRemark": "NULL",
    "CarNo": "NULL"
  },
  {
    "VisitId": 3066480,
    "CustomerId": 2168832,
    "OutletId": 4,
    "ReservationDate": "5/26/2016",
    "ReservationTime": "1754-01-01 18:30:00.000",
    "Session": "Dinner",
    "TotalPax": 19,
    "Adult": 16,
    "Child": 3,
    "ConfirmTime": "1754-01-01 18:34:23.873",
    "SeatedTime": "1754-01-01 18:55:30.017",
    "SettlementTime": "1754-01-01 21:18:14.993",
    "Status": "Dinner",
    "TableNo": 20,
    "BillNo": "00000P0025000124732",
    "Amount": 9373,
    "ReservationType": "Walk-in",
    "BBQFestival": "NULL",
    "CalendarFestival": "NULL",
    "VisitRemark": "NULL",
    "CarNo": "NULL"
  },
  {
    "VisitId": 2897735,
    "CustomerId": 2168832,
    "OutletId": 4,
    "ReservationDate": "3/16/2016",
    "ReservationTime": "1754-01-01 12:00:00.000",
    "Session": "Lunch",
    "TotalPax": 8,
    "Adult": 8,
    "Child": 0,
    "ConfirmTime": "1754-01-01 14:16:00.000",
    "SeatedTime": "1754-01-01 16:02:12.233",
    "SettlementTime": "1754-01-01 16:57:27.257",
    "Status": "Lunch",
    "TableNo": 33,
    "BillNo": "00000P0025000118503",
    "Amount": 7208,
    "ReservationType": "Telephone",
    "BBQFestival": "NULL",
    "CalendarFestival": "NULL",
    "VisitRemark": "NULL",
    "CarNo": "NULL"
  },
  {
    "VisitId": 1908737,
    "CustomerId": 2168832,
    "OutletId": 4,
    "ReservationDate": "4/12/2016",
    "ReservationTime": "1754-01-01 12:00:00.000",
    "Session": "Lunch",
    "TotalPax": 4,
    "Adult": 4,
    "Child": 0,
    "ConfirmTime": "1754-01-01 11:47:00.000",
    "SeatedTime": "1754-01-01 12:48:00.257",
    "SettlementTime": "1754-01-01 14:09:14.707",
    "Status": "Lunch",
    "TableNo": 3,
    "BillNo": "00000P0025000120974",
    "Amount": 3097.2,
    "ReservationType": "Telephone",
    "BBQFestival": "NULL",
    "CalendarFestival": "NULL",
    "VisitRemark": "NULL",
    "CarNo": "NULL"
  },
  {
    "VisitId": 1599450,
    "CustomerId": 2168832,
    "OutletId": 4,
    "ReservationDate": "5/25/2016",
    "ReservationTime": "1754-01-01 14:44:30.930",
    "Session": "Lunch",
    "TotalPax": 13,
    "Adult": 13,
    "Child": 0,
    "ConfirmTime": "1754-01-01 15:33:20.493",
    "SeatedTime": "1754-01-01 15:43:40.797",
    "SettlementTime": "1754-01-01 16:44:45.217",
    "Status": "Lunch",
    "TableNo": 32,
    "BillNo": "00000P0025000124658",
    "Amount": 9173.7,
    "ReservationType": "Telephone",
    "BBQFestival": "NULL",
    "CalendarFestival": "NULL",
    "VisitRemark": "NULL",
    "CarNo": "NULL"
  },
  {
    "VisitId": 1224685,
    "CustomerId": 2168832,
    "OutletId": 4,
    "ReservationDate": "4/1/2016",
    "ReservationTime": "1754-01-01 12:00:00.000",
    "Session": "Lunch",
    "TotalPax": 3,
    "Adult": 3,
    "Child": 0,
    "ConfirmTime": "1754-01-01 11:53:00.000",
    "SeatedTime": "1754-01-01 12:34:22.067",
    "SettlementTime": "1754-01-01 13:37:49.800",
    "Status": "Lunch",
    "TableNo": 2,
    "BillNo": "00000P0025000119887",
    "Amount": 2247.89,
    "ReservationType": "Telephone",
    "BBQFestival": "NULL",
    "CalendarFestival": "NULL",
    "VisitRemark": "NULL",
    "CarNo": "NULL"
  },
  {
    "VisitId": 1439794,
    "CustomerId": 980645,
    "OutletId": 4,
    "ReservationDate": "2/17/2014",
    "ReservationTime": "1754-01-01 21:06:53.150",
    "Session": "Dinner",
    "TotalPax": 2,
    "Adult": 2,
    "Child": 0,
    "ConfirmTime": "1754-01-01 21:21:30.220",
    "SeatedTime": "1754-01-01 21:56:34.420",
    "SettlementTime": "1754-01-01 22:29:19.657",
    "Status": "Dinner",
    "TableNo": 24,
    "BillNo": "00000P0025000048218",
    "Amount": 1776,
    "ReservationType": "Walk-in",
    "BBQFestival": "NULL",
    "CalendarFestival": "NULL",
    "VisitRemark": "NULL",
    "CarNo": "NULL"
  },
  {
    "VisitId": 1384725,
    "CustomerId": 980645,
    "OutletId": 4,
    "ReservationDate": "11/9/2015",
    "ReservationTime": "1754-01-01 19:00:00.000",
    "Session": "Dinner",
    "TotalPax": 2,
    "Adult": 2,
    "Child": 0,
    "ConfirmTime": "1754-01-01 23:18:00.000",
    "SeatedTime": "1754-01-01 20:37:50.600",
    "SettlementTime": "1754-01-01 22:08:36.750",
    "Status": "Dinner",
    "TableNo": 4,
    "BillNo": "00000P0025000107624",
    "Amount": 1476,
    "ReservationType": "Telephone",
    "BBQFestival": "NULL",
    "CalendarFestival": "NULL",
    "VisitRemark": "NULL",
    "CarNo": "NULL"
  },
  {
    "VisitId": 1126054,
    "CustomerId": 980645,
    "OutletId": 4,
    "ReservationDate": "5/11/2015",
    "ReservationTime": "1754-01-01 20:56:07.610",
    "Session": "Dinner",
    "TotalPax": 4,
    "Adult": 4,
    "Child": 0,
    "ConfirmTime": "1754-01-01 20:57:02.490",
    "SeatedTime": "1754-01-01 22:42:34.627",
    "SettlementTime": "1754-01-01 23:54:02.513",
    "Status": "Dinner",
    "TableNo": 12,
    "BillNo": "00000P0025000090534",
    "Amount": 2952,
    "ReservationType": "Walk-in",
    "BBQFestival": "NULL",
    "CalendarFestival": "NULL",
    "VisitRemark": "NULL",
    "CarNo": "NULL"
  },
  {
    "VisitId": 923481,
    "CustomerId": 980645,
    "OutletId": 4,
    "ReservationDate": "4/1/2016",
    "ReservationTime": "1754-01-01 21:30:00.000",
    "Session": "Dinner",
    "TotalPax": 2,
    "Adult": 2,
    "Child": 0,
    "ConfirmTime": "1754-01-01 21:02:00.000",
    "SeatedTime": "1754-01-01 21:28:48.377",
    "SettlementTime": "1754-01-01 23:08:20.397",
    "Status": "Dinner",
    "TableNo": 2,
    "BillNo": "00000P0025000119978",
    "Amount": 1967,
    "ReservationType": "Telephone",
    "BBQFestival": "NULL",
    "CalendarFestival": "NULL",
    "VisitRemark": "NULL",
    "CarNo": "NULL"
  },
  {
    "VisitId": 789665,
    "CustomerId": 980645,
    "OutletId": 4,
    "ReservationDate": "1/29/2016",
    "ReservationTime": "1754-01-01 22:04:15.880",
    "Session": "Dinner",
    "TotalPax": 2,
    "Adult": 2,
    "Child": 0,
    "ConfirmTime": "1754-01-01 22:26:52.047",
    "SeatedTime": "1754-01-01 22:31:28.980",
    "SettlementTime": "1754-01-01 23:59:43.637",
    "Status": "Dinner",
    "TableNo": 4,
    "BillNo": "00000P0025000114181",
    "Amount": 1972,
    "ReservationType": "Walk-in",
    "BBQFestival": "NULL",
    "CalendarFestival": "NULL",
    "VisitRemark": "NULL",
    "CarNo": "NULL"
  },
  {
    "VisitId": 122101,
    "CustomerId": 980645,
    "OutletId": 4,
    "ReservationDate": "9/28/2014",
    "ReservationTime": "1754-01-01 12:23:31.833",
    "Session": "Lunch",
    "TotalPax": 6,
    "Adult": 5,
    "Child": 1,
    "ConfirmTime": "1754-01-01 12:26:32.783",
    "SeatedTime": "1754-01-01 12:54:21.760",
    "SettlementTime": "1754-01-01 13:45:08.743",
    "Status": "Lunch",
    "TableNo": 20,
    "BillNo": "00000P0025000069783",
    "Amount": 3837,
    "ReservationType": "Telephone",
    "BBQFestival": "NULL",
    "CalendarFestival": "NULL",
    "VisitRemark": "NULL",
    "CarNo": "NULL"
  },
  {
    "VisitId": 2596654,
    "CustomerId": 2596696,
    "OutletId": 1,
    "ReservationDate": "5/29/2016",
    "ReservationTime": "1754-01-01 14:45:00.000",
    "Session": "Lunch",
    "TotalPax": 5,
    "Adult": 4,
    "Child": 1,
    "ConfirmTime": "1753-01-01 00:00:00.000",
    "SeatedTime": "1753-01-01 00:00:00.000",
    "SettlementTime": "1753-01-01 00:00:00.000",
    "Status": "Lunch",
    "TableNo": 28,
    "BillNo": "00000P0016000063651",
    "Amount": 2441,
    "ReservationType": "Telephone",
    "BBQFestival": "NULL",
    "CalendarFestival": "NULL",
    "VisitRemark": "NULL",
    "CarNo": "NULL"
  },
  {
    "VisitId": 2093135,
    "CustomerId": 2596696,
    "OutletId": 1,
    "ReservationDate": "4/1/2016",
    "ReservationTime": "1754-01-01 14:30:00.000",
    "Session": "Lunch",
    "TotalPax": 9,
    "Adult": 6,
    "Child": 3,
    "ConfirmTime": "1753-01-01 00:00:00.000",
    "SeatedTime": "1753-01-01 00:00:00.000",
    "SettlementTime": "1753-01-01 00:00:00.000",
    "Status": "Lunch",
    "TableNo": 17,
    "BillNo": "00000P0016000060923",
    "Amount": 1893,
    "ReservationType": "Telephone",
    "BBQFestival": "NULL",
    "CalendarFestival": "NULL",
    "VisitRemark": "NULL",
    "CarNo": "NULL"
  },
  {
    "VisitId": 2812552,
    "CustomerId": 2001303,
    "OutletId": 39,
    "ReservationDate": "7/16/2016",
    "ReservationTime": "1754-01-01 19:00:00.000",
    "Session": "Dinner",
    "TotalPax": 9,
    "Adult": 9,
    "Child": 0,
    "ConfirmTime": "1754-01-01 19:11:53.413",
    "SeatedTime": "1754-01-01 19:27:55.093",
    "SettlementTime": "1754-01-01 21:29:30.457",
    "Status": "Dinner",
    "TableNo": 28,
    "BillNo": "00000P0069000024645",
    "Amount": 5351.64,
    "ReservationType": "App",
    "BBQFestival": "NULL",
    "CalendarFestival": "NULL",
    "VisitRemark": "NULL",
    "CarNo": "NULL"
  },
  {
    "VisitId": 2792426,
    "CustomerId": 980645,
    "OutletId": 62,
    "ReservationDate": "2/29/2016",
    "ReservationTime": "1754-01-01 22:31:12.073",
    "Session": "Dinner",
    "TotalPax": 2,
    "Adult": 2,
    "Child": 0,
    "ConfirmTime": "1754-01-01 22:31:33.780",
    "SeatedTime": "1754-01-01 22:34:04.610",
    "SettlementTime": "1754-01-01 23:21:19.217",
    "Status": "Dinner",
    "TableNo": 30,
    "BillNo": "00000P0600000002588",
    "Amount": 1856,
    "ReservationType": "Walk-in",
    "BBQFestival": "NULL",
    "CalendarFestival": "NULL",
    "VisitRemark": "NULL",
    "CarNo": "NULL"
  },
  {
    "VisitId": 2657299,
    "CustomerId": 980645,
    "OutletId": 4,
    "ReservationDate": "8/17/2015",
    "ReservationTime": "1754-01-01 21:57:26.213",
    "Session": "Dinner",
    "TotalPax": 2,
    "Adult": 2,
    "Child": 0,
    "ConfirmTime": "1754-01-01 21:58:35.567",
    "SeatedTime": "1754-01-01 23:07:36.923",
    "SettlementTime": "1753-01-01 00:00:00.000",
    "Status": "Dinner",
    "TableNo": 3,
    "BillNo": "00000P0025000100224",
    "Amount": 1726,
    "ReservationType": "Walk-in",
    "BBQFestival": "NULL",
    "CalendarFestival": "NULL",
    "VisitRemark": "NULL",
    "CarNo": "NULL"
  },
  {
    "VisitId": 1899728,
    "CustomerId": 1107491,
    "OutletId": 11,
    "ReservationDate": "4/1/2016",
    "ReservationTime": "1754-01-01 20:15:00.000",
    "Session": "Dinner",
    "TotalPax": 2,
    "Adult": 2,
    "Child": 0,
    "ConfirmTime": "1754-01-01 20:13:00.000",
    "SeatedTime": "1754-01-01 20:15:00.000",
    "SettlementTime": "1754-01-01 21:52:02.077",
    "Status": "Dinner",
    "TableNo": 14,
    "BillNo": "00000P0009000075251",
    "Amount": 1508.65,
    "ReservationType": "Walk-in",
    "BBQFestival": "NULL",
    "CalendarFestival": "NULL",
    "VisitRemark": "NULL",
    "CarNo": "NULL"
  },
  {
    "VisitId": 1887729,
    "CustomerId": 980645,
    "OutletId": 4,
    "ReservationDate": "10/29/2013",
    "ReservationTime": "1754-01-01 21:40:34.140",
    "Session": "Dinner",
    "TotalPax": 5,
    "Adult": 5,
    "Child": 0,
    "ConfirmTime": "1754-01-01 21:41:15.703",
    "SeatedTime": "1754-01-01 21:47:34.170",
    "SettlementTime": "1754-01-01 23:32:31.517",
    "Status": "Dinner",
    "TableNo": 41,
    "BillNo": "00000P0025000037582",
    "Amount": 3788,
    "ReservationType": "Walk-in",
    "BBQFestival": "NULL",
    "CalendarFestival": "NULL",
    "VisitRemark": "NULL",
    "CarNo": "NULL"
  },
  {
    "VisitId": 1915907,
    "CustomerId": 980645,
    "OutletId": 4,
    "ReservationDate": "11/7/2014",
    "ReservationTime": "1754-01-01 18:35:05.373",
    "Session": "Dinner",
    "TotalPax": 10,
    "Adult": 10,
    "Child": 0,
    "ConfirmTime": "1754-01-01 19:43:54.700",
    "SeatedTime": "1754-01-01 20:04:21.220",
    "SettlementTime": "1754-01-01 00:00:50.923",
    "Status": "Dinner",
    "TableNo": 32,
    "BillNo": "00000P0025000073359",
    "Amount": 9942,
    "ReservationType": "Telephone",
    "BBQFestival": "NULL",
    "CalendarFestival": "NULL",
    "VisitRemark": "NULL",
    "CarNo": "NULL"
  },
  {
    "VisitId": 2121769,
    "CustomerId": 980645,
    "OutletId": 4,
    "ReservationDate": "12/2/2013",
    "ReservationTime": "1754-01-01 22:25:15.670",
    "Session": "Dinner",
    "TotalPax": 3,
    "Adult": 3,
    "Child": 0,
    "ConfirmTime": "1754-01-01 22:27:58.640",
    "SeatedTime": "1754-01-01 22:30:32.077",
    "SettlementTime": "1754-01-01 22:57:29.547",
    "Status": "Dinner",
    "TableNo": 2,
    "BillNo": "00000P0025000040854",
    "Amount": 2414,
    "ReservationType": "Walk-in",
    "BBQFestival": "NULL",
    "CalendarFestival": "NULL",
    "VisitRemark": "NULL",
    "CarNo": "NULL"
  },
  {
    "VisitId": 2291034,
    "CustomerId": 980645,
    "OutletId": 4,
    "ReservationDate": "12/17/2014",
    "ReservationTime": "1754-01-01 22:47:28.547",
    "Session": "Dinner",
    "TotalPax": 1,
    "Adult": 1,
    "Child": 0,
    "ConfirmTime": "1754-01-01 22:47:51.767",
    "SeatedTime": "1754-01-01 23:18:48.187",
    "SettlementTime": "1754-01-01 23:18:57.517",
    "Status": "Dinner",
    "TableNo": 14,
    "BillNo": "00000P0025000077115",
    "Amount": 234,
    "ReservationType": "Walk-in",
    "BBQFestival": "NULL",
    "CalendarFestival": "NULL",
    "VisitRemark": "NULL",
    "CarNo": "NULL"
  },
  {
    "VisitId": 2544018,
    "CustomerId": 980645,
    "OutletId": 4,
    "ReservationDate": "6/10/2014",
    "ReservationTime": "1754-01-01 21:19:04.237",
    "Session": "Dinner",
    "TotalPax": 2,
    "Adult": 2,
    "Child": 0,
    "ConfirmTime": "1754-01-01 21:28:19.813",
    "SeatedTime": "1754-01-01 22:28:07.670",
    "SettlementTime": "1754-01-01 00:07:33.750",
    "Status": "Dinner",
    "TableNo": 23,
    "BillNo": "00000P0025000059300",
    "Amount": 1556,
    "ReservationType": "Walk-in",
    "BBQFestival": "NULL",
    "CalendarFestival": "NULL",
    "VisitRemark": "NULL",
    "CarNo": "NULL"
  },
  {
    "VisitId": 2579418,
    "CustomerId": 980645,
    "OutletId": 4,
    "ReservationDate": "9/1/2014",
    "ReservationTime": "1754-01-01 21:56:24.677",
    "Session": "Dinner",
    "TotalPax": 2,
    "Adult": 2,
    "Child": 0,
    "ConfirmTime": "1754-01-01 21:58:19.403",
    "SeatedTime": "1754-01-01 22:36:37.890",
    "SettlementTime": "1754-01-01 22:58:02.297",
    "Status": "Dinner",
    "TableNo": 68,
    "BillNo": "00000P0024000020456",
    "Amount": 1636,
    "ReservationType": "Walk-in",
    "BBQFestival": "NULL",
    "CalendarFestival": "NULL",
    "VisitRemark": "NULL",
    "CarNo": "NULL"
  },
  {
    "VisitId": 2580952,
    "CustomerId": 980645,
    "OutletId": 23,
    "ReservationDate": "7/12/2015",
    "ReservationTime": "1754-01-01 14:30:00.000",
    "Session": "Lunch",
    "TotalPax": 8,
    "Adult": 8,
    "Child": 0,
    "ConfirmTime": "1754-01-01 13:49:00.000",
    "SeatedTime": "1754-01-01 14:55:27.327",
    "SettlementTime": "1754-01-01 15:56:10.577",
    "Status": "Lunch",
    "TableNo": 41,
    "BillNo": "00000P0025000066314",
    "Amount": 6768,
    "ReservationType": "Telephone",
    "BBQFestival": "NULL",
    "CalendarFestival": "NULL",
    "VisitRemark": "NULL",
    "CarNo": "NULL"
  },
  {
    "VisitId": 2635438,
    "CustomerId": 980645,
    "OutletId": 4,
    "ReservationDate": "3/17/2015",
    "ReservationTime": "1754-01-01 21:52:35.510",
    "Session": "Dinner",
    "TotalPax": 2,
    "Adult": 2,
    "Child": 0,
    "ConfirmTime": "1754-01-01 21:53:29.707",
    "SeatedTime": "1754-01-01 22:19:08.800",
    "SettlementTime": "1754-01-01 23:28:07.457",
    "Status": "Dinner",
    "TableNo": 12,
    "BillNo": "00000P0025000085495",
    "Amount": 1626,
    "ReservationType": "Walk-in",
    "BBQFestival": "NULL",
    "CalendarFestival": "NULL",
    "VisitRemark": "NULL",
    "CarNo": "NULL"
  },
  {
    "VisitId": 1876555,
    "CustomerId": 948934,
    "OutletId": 26,
    "ReservationDate": "12/26/2015",
    "ReservationTime": "1754-01-01 22:56:36.257",
    "Session": "Dinner",
    "TotalPax": 4,
    "Adult": 4,
    "Child": 0,
    "ConfirmTime": "1754-01-01 22:59:38.277",
    "SeatedTime": "1754-01-01 23:06:52.880",
    "SettlementTime": "1754-01-01 00:22:48.810",
    "Status": "Dinner",
    "TableNo": 24,
    "BillNo": "00000P0027000072917",
    "Amount": 3364,
    "ReservationType": "Walk-in",
    "BBQFestival": "NULL",
    "CalendarFestival": "NULL",
    "VisitRemark": "NULL",
    "CarNo": "NULL"
  },
  {
    "VisitId": 2876061,
    "CustomerId": 948934,
    "OutletId": 13,
    "ReservationDate": "4/1/2016",
    "ReservationTime": "1754-01-01 14:30:00.000",
    "Session": "Lunch",
    "TotalPax": 15,
    "Adult": 15,
    "Child": 0,
    "ConfirmTime": "1754-01-01 14:14:00.000",
    "SeatedTime": "1754-01-01 14:14:00.000",
    "SettlementTime": "1754-01-01 16:15:39.947",
    "Status": "Lunch",
    "TableNo": 19,
    "BillNo": "00000P0013000117461",
    "Amount": 8050,
    "ReservationType": "Telephone",
    "BBQFestival": "NULL",
    "CalendarFestival": "NULL",
    "VisitRemark": "NULL",
    "CarNo": "NULL"
  }
]