 [
    {
      "DetailId": 2534929,
      "VisitId": 789665,
      "CustomerId": 980645,
      "ItemNo": "I00006879",
      "ItemName": "DINNER NONVEG WED TO SUNDY",
      "Category": "FOOD - NON VEG",
      "ProductGroup": "BUFFET NONVEG",
      "Division": "FOOD",
      "Quantity": 2,
      "Amount": 936,
      "TotalAmount": -1872
    },
    {
      "DetailId": 2534930,
      "VisitId": 789665,
      "CustomerId": 980645,
      "ItemNo": "R00000102",
      "ItemName": "Pacific Blue",
      "Category": "NON-ALCOHLIC BEVERAGES",
      "ProductGroup": "NON ALCOHOLIC MOCKTAILS",
      "Division": "BEVERAGES & TOBACOO PRODUCTS",
      "Quantity": 1,
      "Amount": 100,
      "TotalAmount": -100
    },
    {
      "DetailId": 3339382,
      "VisitId": 1038954,
      "CustomerId": 2001303,
      "ItemNo": "I00006871",
      "ItemName": "LUNCH VEG",
      "Category": "FOOD - VEG",
      "ProductGroup": "BUFFET VEG",
      "Division": "FOOD",
      "Quantity": 3,
      "Amount": 522.58,
      "TotalAmount": -1567.73
    },
    {
      "DetailId": 3339383,
      "VisitId": 1038954,
      "CustomerId": 2001303,
      "ItemNo": "I00006872",
      "ItemName": "LUNCH NON VEG",
      "Category": "FOOD - NON VEG",
      "ProductGroup": "BUFFET NONVEG",
      "Division": "FOOD",
      "Quantity": 2,
      "Amount": 577.1,
      "TotalAmount": -1154.21
    },
    {
      "DetailId": 3339384,
      "VisitId": 1038954,
      "CustomerId": 2001303,
      "ItemNo": "R00000102",
      "ItemName": "Pacific Blue",
      "Category": "NON-ALCOHLIC BEVERAGES",
      "ProductGroup": "NON ALCOHOLIC MOCKTAILS",
      "Division": "BEVERAGES & TOBACOO PRODUCTS",
      "Quantity": 5,
      "Amount": 85,
      "TotalAmount": 0
    },
    {
      "DetailId": 3339385,
      "VisitId": 1038954,
      "CustomerId": 2001303,
      "ItemNo": "R00002562",
      "ItemName": "Pepsi",
      "Category": "NON-ALCOHLIC BEVERAGES",
      "ProductGroup": "SOFT DRINKS",
      "Division": "BEVERAGES & TOBACOO PRODUCTS",
      "Quantity": 1,
      "Amount": 60,
      "TotalAmount": -60
    },
    {
      "DetailId": 3850519,
      "VisitId": 1197201,
      "CustomerId": 2286670,
      "ItemNo": "I00006874",
      "ItemName": "SUNDAY LUNCH VEG",
      "Category": "FOOD - VEG",
      "ProductGroup": "BUFFET VEG",
      "Division": "FOOD",
      "Quantity": 2,
      "Amount": 620,
      "TotalAmount": -1240
    },
    {
      "DetailId": 3850520,
      "VisitId": 1197201,
      "CustomerId": 2286670,
      "ItemNo": "I00006875",
      "ItemName": "SUNDAY LUNCH NONVEG",
      "Category": "FOOD - NON VEG",
      "ProductGroup": "BUFFET NONVEG",
      "Division": "FOOD",
      "Quantity": 1,
      "Amount": 720,
      "TotalAmount": -720
    },
    {
      "DetailId": 5689545,
      "VisitId": 1766661,
      "CustomerId": 2286670,
      "ItemNo": "I00006871",
      "ItemName": "LUNCH VEG",
      "Category": "FOOD - VEG",
      "ProductGroup": "BUFFET VEG",
      "Division": "FOOD",
      "Quantity": 1,
      "Amount": 500,
      "TotalAmount": -500
    },
    {
      "DetailId": 5689546,
      "VisitId": 1766661,
      "CustomerId": 2286670,
      "ItemNo": "I00006872",
      "ItemName": "LUNCH NON VEG",
      "Category": "FOOD - NON VEG",
      "ProductGroup": "BUFFET NONVEG",
      "Division": "FOOD",
      "Quantity": 1,
      "Amount": 600,
      "TotalAmount": -600
    },
    {
      "DetailId": 5689547,
      "VisitId": 1766661,
      "CustomerId": 2286670,
      "ItemNo": "R00000845",
      "ItemName": "Kingfisher Beer (Pint)",
      "Category": "ALCOHLIC BEVERAGES",
      "ProductGroup": "BEER",
      "Division": "BEVERAGES & TOBACOO PRODUCTS",
      "Quantity": 1,
      "Amount": 175,
      "TotalAmount": 0
    },
    {
      "DetailId": 5689548,
      "VisitId": 1766661,
      "CustomerId": 2286670,
      "ItemNo": "R00002564",
      "ItemName": "7 UP (Soft Drink)",
      "Category": "NON-ALCOHLIC BEVERAGES",
      "ProductGroup": "SOFT DRINKS",
      "Division": "BEVERAGES & TOBACOO PRODUCTS",
      "Quantity": 1,
      "Amount": 75,
      "TotalAmount": 0
    },
    {
      "DetailId": 6044630,
      "VisitId": 1876555,
      "CustomerId": 948934,
      "ItemNo": "I00006878",
      "ItemName": "DINNER VEG WED TO SUNDY",
      "Category": "FOOD - VEG",
      "ProductGroup": "BUFFET VEG",
      "Division": "FOOD",
      "Quantity": 2,
      "Amount": 781,
      "TotalAmount": -1562
    },
    {
      "DetailId": 6044631,
      "VisitId": 1876555,
      "CustomerId": 948934,
      "ItemNo": "I00006879",
      "ItemName": "DINNER NONVEG WED TO SUNDY",
      "Category": "FOOD - NON VEG",
      "ProductGroup": "BUFFET NONVEG",
      "Division": "FOOD",
      "Quantity": 2,
      "Amount": 901,
      "TotalAmount": -1802
    },
    {
      "DetailId": 6604665,
      "VisitId": 2049855,
      "CustomerId": 2358241,
      "ItemNo": "I00006872",
      "ItemName": "LUNCH NON VEG",
      "Category": "FOOD - NON VEG",
      "ProductGroup": "BUFFET NONVEG",
      "Division": "FOOD",
      "Quantity": 2,
      "Amount": 550,
      "TotalAmount": -1100
    },
    {
      "DetailId": 6604666,
      "VisitId": 2049855,
      "CustomerId": 2358241,
      "ItemNo": "R00000301",
      "ItemName": "Fresh Lime Water",
      "Category": "NON-ALCOHLIC BEVERAGES",
      "ProductGroup": "SOFT DRINKS",
      "Division": "BEVERAGES & TOBACOO PRODUCTS",
      "Quantity": 1,
      "Amount": 60,
      "TotalAmount": 0
    },
    {
      "DetailId": 6604667,
      "VisitId": 2049855,
      "CustomerId": 2358241,
      "ItemNo": "R00002562",
      "ItemName": "Pepsi",
      "Category": "NON-ALCOHLIC BEVERAGES",
      "ProductGroup": "SOFT DRINKS",
      "Division": "BEVERAGES & TOBACOO PRODUCTS",
      "Quantity": 1,
      "Amount": 60,
      "TotalAmount": 0
    },
    {
      "DetailId": 2965591,
      "VisitId": 923481,
      "CustomerId": 980645,
      "ItemNo": "I00006879",
      "ItemName": "DINNER NONVEG WED TO SUNDY",
      "Category": "FOOD - NON VEG",
      "ProductGroup": "BUFFET NONVEG",
      "Division": "FOOD",
      "Quantity": 2,
      "Amount": 936,
      "TotalAmount": -1872
    },
    {
      "DetailId": 2965592,
      "VisitId": 923481,
      "CustomerId": 980645,
      "ItemNo": "R00000408",
      "ItemName": "Fruit Punch",
      "Category": "NON-ALCOHLIC BEVERAGES",
      "ProductGroup": "NON ALCOHOLIC MOCKTAILS",
      "Division": "BEVERAGES & TOBACOO PRODUCTS",
      "Quantity": 1,
      "Amount": 95,
      "TotalAmount": -95
    },
    {
      "DetailId": 4634613,
      "VisitId": 1439794,
      "CustomerId": 980645,
      "ItemNo": "I00006877",
      "ItemName": "DINNER NONVEG MON TO TUES",
      "Category": "FOOD - NON VEG",
      "ProductGroup": "BUFFET NONVEG",
      "Division": "FOOD 1",
      "Quantity": 2,
      "Amount": 936,
      "TotalAmount": -1476
    },
    {
      "DetailId": 4634614,
      "VisitId": 1439794,
      "CustomerId": 980645,
      "ItemNo": "R00000102",
      "ItemName": "Pacific Blue",
      "Category": "NON-ALCOHLIC BEVERAGES",
      "ProductGroup": "NON ALCOHOLIC MOCKTAILS",
      "Division": "BEVERAGES & TOBACOO PRODUCTS",
      "Quantity": 1,
      "Amount": 100,
      "TotalAmount": -100
    },
    {
      "DetailId": 4634615,
      "VisitId": 1439794,
      "CustomerId": 980645,
      "ItemNo": "R00000108",
      "ItemName": "Banana Slide",
      "Category": "NON-ALCOHLIC BEVERAGES",
      "ProductGroup": "NON ALCOHOLIC MOCKTAILS",
      "Division": "BEVERAGES & TOBACOO PRODUCTS",
      "Quantity": 2,
      "Amount": 100,
      "TotalAmount": -200
    },
    {
      "DetailId": 6119523,
      "VisitId": 1899728,
      "CustomerId": 1107491,
      "ItemNo": "I00006879",
      "ItemName": "DINNER NONVEG WED TO SUNDY",
      "Category": "FOOD - NON VEG",
      "ProductGroup": "BUFFET NONVEG",
      "Division": "FOOD",
      "Quantity": 2,
      "Amount": 754.33,
      "TotalAmount": -1508.65
    },
    {
      "DetailId": 6744402,
      "VisitId": 2093135,
      "CustomerId": 2596696,
      "ItemNo": "I00006872",
      "ItemName": "LUNCH NON VEG",
      "Category": "FOOD - NON VEG",
      "ProductGroup": "BUFFET NONVEG",
      "Division": "FOOD",
      "Quantity": 3,
      "Amount": 630,
      "TotalAmount": -1890
    },
    {
      "DetailId": 6744403,
      "VisitId": 2093135,
      "CustomerId": 2596696,
      "ItemNo": "R00000301",
      "ItemName": "Fresh Lime Water",
      "Category": "NON-ALCOHLIC BEVERAGES",
      "ProductGroup": "SOFT DRINKS",
      "Division": "BEVERAGES & TOBACOO PRODUCTS",
      "Quantity": 1,
      "Amount": 90,
      "TotalAmount": 0
    },
    {
      "DetailId": 6744404,
      "VisitId": 2093135,
      "CustomerId": 2596696,
      "ItemNo": "R000010189",
      "ItemName": "Kids Eat Free",
      "Category": "FOOD - VEG",
      "ProductGroup": "BUFFET VEG",
      "Division": "FOOD",
      "Quantity": 3,
      "Amount": 1,
      "TotalAmount": -3
    },
    {
      "DetailId": 6744405,
      "VisitId": 2093135,
      "CustomerId": 2596696,
      "ItemNo": "R00020191",
      "ItemName": "Virgin Mojito",
      "Category": "NON-ALCOHLIC BEVERAGES",
      "ProductGroup": "NON ALCOHOLIC MOCKTAILS",
      "Division": "BEVERAGES & TOBACOO PRODUCTS",
      "Quantity": 2,
      "Amount": 125,
      "TotalAmount": 0
    },
    {
      "DetailId": 7384491,
      "VisitId": 2291034,
      "CustomerId": 980645,
      "ItemNo": "I00006879",
      "ItemName": "DINNER NONVEG WED TO SUNDY",
      "Category": "FOOD - NON VEG",
      "ProductGroup": "BUFFET NONVEG",
      "Division": "FOOD",
      "Quantity": 1,
      "Amount": 936,
      "TotalAmount": -234
    },
    {
      "DetailId": 9889842,
      "VisitId": 3066480,
      "CustomerId": 2168832,
      "ItemNo": "I00006878",
      "ItemName": "DINNER VEG WED TO SUNDY",
      "Category": "FOOD - VEG",
      "ProductGroup": "BUFFET VEG",
      "Division": "FOOD",
      "Quantity": 3,
      "Amount": 804,
      "TotalAmount": -1908
    },
    {
      "DetailId": 9889843,
      "VisitId": 3066480,
      "CustomerId": 2168832,
      "ItemNo": "I00006879",
      "ItemName": "DINNER NONVEG WED TO SUNDY",
      "Category": "FOOD - NON VEG",
      "ProductGroup": "BUFFET NONVEG",
      "Division": "FOOD",
      "Quantity": 9,
      "Amount": 936,
      "TotalAmount": -6642
    },
    {
      "DetailId": 9889844,
      "VisitId": 3066480,
      "CustomerId": 2168832,
      "ItemNo": "I00006880",
      "ItemName": "DINNER KID",
      "Category": "FOOD - VEG",
      "ProductGroup": "BUFFET VEG",
      "Division": "FOOD",
      "Quantity": 1,
      "Amount": 250,
      "TotalAmount": -250
    },
    {
      "DetailId": 9889845,
      "VisitId": 3066480,
      "CustomerId": 2168832,
      "ItemNo": "R00000102",
      "ItemName": "Pacific Blue",
      "Category": "NON-ALCOHLIC BEVERAGES",
      "ProductGroup": "NON ALCOHOLIC MOCKTAILS",
      "Division": "BEVERAGES & TOBACOO PRODUCTS",
      "Quantity": 2,
      "Amount": 100,
      "TotalAmount": -200
    },
    {
      "DetailId": 9889846,
      "VisitId": 3066480,
      "CustomerId": 2168832,
      "ItemNo": "R00000301",
      "ItemName": "Fresh Lime Water",
      "Category": "NON-ALCOHLIC BEVERAGES",
      "ProductGroup": "SOFT DRINKS",
      "Division": "BEVERAGES & TOBACOO PRODUCTS",
      "Quantity": 1,
      "Amount": 90,
      "TotalAmount": -90
    },
    {
      "DetailId": 9889847,
      "VisitId": 3066480,
      "CustomerId": 2168832,
      "ItemNo": "R000010189",
      "ItemName": "Kids Eat Free",
      "Category": "FOOD - VEG",
      "ProductGroup": "BUFFET VEG",
      "Division": "FOOD",
      "Quantity": 3,
      "Amount": 1,
      "TotalAmount": -3
    },
    {
      "DetailId": 9889848,
      "VisitId": 3066480,
      "CustomerId": 2168832,
      "ItemNo": "R00002562",
      "ItemName": "Pepsi",
      "Category": "NON-ALCOHLIC BEVERAGES",
      "ProductGroup": "SOFT DRINKS",
      "Division": "BEVERAGES & TOBACOO PRODUCTS",
      "Quantity": 1,
      "Amount": 90,
      "TotalAmount": -90
    },
    {
      "DetailId": 9889849,
      "VisitId": 3066480,
      "CustomerId": 2168832,
      "ItemNo": "R00020197",
      "ItemName": "Italian Smooch",
      "Category": "NON-ALCOHLIC BEVERAGES",
      "ProductGroup": "NON ALCOHOLIC MOCKTAILS",
      "Division": "BEVERAGES & TOBACOO PRODUCTS",
      "Quantity": 1,
      "Amount": 95,
      "TotalAmount": -95
    },
    {
      "DetailId": 9889850,
      "VisitId": 3066480,
      "CustomerId": 2168832,
      "ItemNo": "R00020504",
      "ItemName": "Pink Lemonade",
      "Category": "NON-ALCOHLIC BEVERAGES",
      "ProductGroup": "NON ALCOHOLIC MOCKTAILS",
      "Division": "BEVERAGES & TOBACOO PRODUCTS",
      "Quantity": 1,
      "Amount": 95,
      "TotalAmount": -95
    },
    {
      "DetailId": 6836731,
      "VisitId": 2121769,
      "CustomerId": 980645,
      "ItemNo": "I00006877",
      "ItemName": "DINNER NONVEG MON TO TUES",
      "Category": "FOOD - NON VEG",
      "ProductGroup": "BUFFET NONVEG",
      "Division": "FOOD 1",
      "Quantity": 3,
      "Amount": 936,
      "TotalAmount": -2214
    },
    {
      "DetailId": 6836732,
      "VisitId": 2121769,
      "CustomerId": 980645,
      "ItemNo": "R00000102",
      "ItemName": "Pacific Blue",
      "Category": "NON-ALCOHLIC BEVERAGES",
      "ProductGroup": "NON ALCOHOLIC MOCKTAILS",
      "Division": "BEVERAGES & TOBACOO PRODUCTS",
      "Quantity": 1,
      "Amount": 100,
      "TotalAmount": -100
    },
    {
      "DetailId": 1070461,
      "VisitId": 336254,
      "CustomerId": 2286670,
      "ItemNo": "I00006871",
      "ItemName": "LUNCH VEG",
      "Category": "FOOD - VEG",
      "ProductGroup": "BUFFET VEG",
      "Division": "FOOD",
      "Quantity": 1,
      "Amount": 450,
      "TotalAmount": -450
    },
    {
      "DetailId": 1070462,
      "VisitId": 336254,
      "CustomerId": 2286670,
      "ItemNo": "I00006872",
      "ItemName": "LUNCH NON VEG",
      "Category": "FOOD - NON VEG",
      "ProductGroup": "BUFFET NONVEG",
      "Division": "FOOD",
      "Quantity": 1,
      "Amount": 550,
      "TotalAmount": -550
    },
    {
      "DetailId": 1070463,
      "VisitId": 336254,
      "CustomerId": 2286670,
      "ItemNo": "R00000102",
      "ItemName": "Pacific Blue",
      "Category": "NON-ALCOHLIC BEVERAGES",
      "ProductGroup": "NON ALCOHOLIC MOCKTAILS",
      "Division": "BEVERAGES & TOBACOO PRODUCTS",
      "Quantity": 1,
      "Amount": 175,
      "TotalAmount": 0
    },
    {
      "DetailId": 1070464,
      "VisitId": 336254,
      "CustomerId": 2286670,
      "ItemNo": "R00002564",
      "ItemName": "7 UP (Soft Drink)",
      "Category": "NON-ALCOHLIC BEVERAGES",
      "ProductGroup": "SOFT DRINKS",
      "Division": "BEVERAGES & TOBACOO PRODUCTS",
      "Quantity": 1,
      "Amount": 60,
      "TotalAmount": 0
    },
    {
      "DetailId": 3939477,
      "VisitId": 1224685,
      "CustomerId": 2168832,
      "ItemNo": "I00006872",
      "ItemName": "LUNCH NON VEG",
      "Category": "FOOD - NON VEG",
      "ProductGroup": "BUFFET NONVEG",
      "Division": "FOOD",
      "Quantity": 3,
      "Amount": 699.3,
      "TotalAmount": -2097.89
    },
    {
      "DetailId": 3939478,
      "VisitId": 1224685,
      "CustomerId": 2168832,
      "ItemNo": "I00007158",
      "ItemName": "Complimentory Item-Chennai",
      "Category": "ALCOHLIC BEVERAGES",
      "ProductGroup": "ALCOHOLIC COCKTAILS",
      "Division": "BEVERAGES & TOBACOO PRODUCTS",
      "Quantity": 2,
      "Amount": 110,
      "TotalAmount": 0
    },
    {
      "DetailId": 3939479,
      "VisitId": 1224685,
      "CustomerId": 2168832,
      "ItemNo": "R00002562",
      "ItemName": "Pepsi",
      "Category": "NON-ALCOHLIC BEVERAGES",
      "ProductGroup": "SOFT DRINKS",
      "Division": "BEVERAGES & TOBACOO PRODUCTS",
      "Quantity": 1,
      "Amount": 90,
      "TotalAmount": 0
    },
    {
      "DetailId": 3939480,
      "VisitId": 1224685,
      "CustomerId": 2168832,
      "ItemNo": "R00020191",
      "ItemName": "Virgin Mojito",
      "Category": "NON-ALCOHLIC BEVERAGES",
      "ProductGroup": "NON ALCOHOLIC MOCKTAILS",
      "Division": "BEVERAGES & TOBACOO PRODUCTS",
      "Quantity": 1,
      "Amount": 150,
      "TotalAmount": -150
    },
    {
      "DetailId": 5149562,
      "VisitId": 1599450,
      "CustomerId": 2168832,
      "ItemNo": "I00006871",
      "ItemName": "LUNCH VEG",
      "Category": "FOOD - VEG",
      "ProductGroup": "BUFFET VEG",
      "Division": "FOOD",
      "Quantity": 4,
      "Amount": 630,
      "TotalAmount": -2520
    },
    {
      "DetailId": 5149563,
      "VisitId": 1599450,
      "CustomerId": 2168832,
      "ItemNo": "I00006872",
      "ItemName": "LUNCH NON VEG",
      "Category": "FOOD - NON VEG",
      "ProductGroup": "BUFFET NONVEG",
      "Division": "FOOD",
      "Quantity": 9,
      "Amount": 699.3,
      "TotalAmount": -6293.7
    },
    {
      "DetailId": 5149564,
      "VisitId": 1599450,
      "CustomerId": 2168832,
      "ItemNo": "I00007158",
      "ItemName": "Complimentory Item-Chennai",
      "Category": "ALCOHLIC BEVERAGES",
      "ProductGroup": "ALCOHOLIC COCKTAILS",
      "Division": "BEVERAGES & TOBACOO PRODUCTS",
      "Quantity": 6,
      "Amount": 110,
      "TotalAmount": 0
    },
    {
      "DetailId": 5149565,
      "VisitId": 1599450,
      "CustomerId": 2168832,
      "ItemNo": "R00000301",
      "ItemName": "Fresh Lime Water",
      "Category": "NON-ALCOHLIC BEVERAGES",
      "ProductGroup": "SOFT DRINKS",
      "Division": "BEVERAGES & TOBACOO PRODUCTS",
      "Quantity": 2,
      "Amount": 90,
      "TotalAmount": 0
    },
    {
      "DetailId": 5149566,
      "VisitId": 1599450,
      "CustomerId": 2168832,
      "ItemNo": "R00002562",
      "ItemName": "Pepsi",
      "Category": "NON-ALCOHLIC BEVERAGES",
      "ProductGroup": "SOFT DRINKS",
      "Division": "BEVERAGES & TOBACOO PRODUCTS",
      "Quantity": 2,
      "Amount": 90,
      "TotalAmount": -180
    },
    {
      "DetailId": 5149567,
      "VisitId": 1599450,
      "CustomerId": 2168832,
      "ItemNo": "R00002562",
      "ItemName": "Pepsi",
      "Category": "NON-ALCOHLIC BEVERAGES",
      "ProductGroup": "SOFT DRINKS",
      "Division": "BEVERAGES & TOBACOO PRODUCTS",
      "Quantity": 1,
      "Amount": 90,
      "TotalAmount": 0
    },
    {
      "DetailId": 5149568,
      "VisitId": 1599450,
      "CustomerId": 2168832,
      "ItemNo": "R00002564",
      "ItemName": "7 UP (Soft Drink)",
      "Category": "NON-ALCOHLIC BEVERAGES",
      "ProductGroup": "SOFT DRINKS",
      "Division": "BEVERAGES & TOBACOO PRODUCTS",
      "Quantity": 3,
      "Amount": 90,
      "TotalAmount": 0
    },
    {
      "DetailId": 5149569,
      "VisitId": 1599450,
      "CustomerId": 2168832,
      "ItemNo": "R00002564",
      "ItemName": "7 UP (Soft Drink)",
      "Category": "NON-ALCOHLIC BEVERAGES",
      "ProductGroup": "SOFT DRINKS",
      "Division": "BEVERAGES & TOBACOO PRODUCTS",
      "Quantity": 2,
      "Amount": 90,
      "TotalAmount": -180
    },
    {
      "DetailId": 5149570,
      "VisitId": 1599450,
      "CustomerId": 2168832,
      "ItemNo": "R00020504",
      "ItemName": "Pink Lemonade",
      "Category": "NON-ALCOHLIC BEVERAGES",
      "ProductGroup": "NON ALCOHOLIC MOCKTAILS",
      "Division": "BEVERAGES & TOBACOO PRODUCTS",
      "Quantity": 1,
      "Amount": 95,
      "TotalAmount": 0
    },
    {
      "DetailId": 5313903,
      "VisitId": 1650399,
      "CustomerId": 2286670,
      "ItemNo": "I00006871",
      "ItemName": "LUNCH VEG",
      "Category": "FOOD - VEG",
      "ProductGroup": "BUFFET VEG",
      "Division": "FOOD",
      "Quantity": 1,
      "Amount": 525,
      "TotalAmount": -525
    },
    {
      "DetailId": 5313904,
      "VisitId": 1650399,
      "CustomerId": 2286670,
      "ItemNo": "R00000237",
      "ItemName": "Mango Juice 250 ML",
      "Category": "NON-ALCOHLIC BEVERAGES",
      "ProductGroup": "JUICES",
      "Division": "BEVERAGES & TOBACOO PRODUCTS",
      "Quantity": 1,
      "Amount": 75,
      "TotalAmount": -75
    },
    {
      "DetailId": 5313905,
      "VisitId": 1650399,
      "CustomerId": 2286670,
      "ItemNo": "R00000301",
      "ItemName": "Fresh Lime Water",
      "Category": "NON-ALCOHLIC BEVERAGES",
      "ProductGroup": "SOFT DRINKS",
      "Division": "BEVERAGES & TOBACOO PRODUCTS",
      "Quantity": 1,
      "Amount": 90,
      "TotalAmount": 0
    },
    {
      "DetailId": 5313906,
      "VisitId": 1650399,
      "CustomerId": 2286670,
      "ItemNo": "R00002564",
      "ItemName": "7 UP (Soft Drink)",
      "Category": "NON-ALCOHLIC BEVERAGES",
      "ProductGroup": "SOFT DRINKS",
      "Division": "BEVERAGES & TOBACOO PRODUCTS",
      "Quantity": 1,
      "Amount": 90,
      "TotalAmount": 0
    },
    {
      "DetailId": 8316898,
      "VisitId": 2579418,
      "CustomerId": 980645,
      "ItemNo": "I00006877",
      "ItemName": "DINNER NONVEG MON TO TUES",
      "Category": "FOOD - NON VEG",
      "ProductGroup": "BUFFET NONVEG",
      "Division": "FOOD",
      "Quantity": 2,
      "Amount": 936,
      "TotalAmount": -1476
    },
    {
      "DetailId": 8316899,
      "VisitId": 2579418,
      "CustomerId": 980645,
      "ItemNo": "R00000102",
      "ItemName": "Pacific Blue",
      "Category": "NON-ALCOHLIC BEVERAGES",
      "ProductGroup": "NON ALCOHOLIC MOCKTAILS",
      "Division": "BEVERAGES & TOBACOO PRODUCTS",
      "Quantity": 1,
      "Amount": 100,
      "TotalAmount": -100
    },
    {
      "DetailId": 8316900,
      "VisitId": 2579418,
      "CustomerId": 980645,
      "ItemNo": "R00000246",
      "ItemName": "Coke 250 ML",
      "Category": "NON-ALCOHLIC BEVERAGES",
      "ProductGroup": "SOFT DRINKS",
      "Division": "BEVERAGES & TOBACOO PRODUCTS",
      "Quantity": 1,
      "Amount": 60,
      "TotalAmount": -60
    },
    {
      "DetailId": 8372253,
      "VisitId": 2596654,
      "CustomerId": 2596696,
      "ItemNo": "I00006875",
      "ItemName": "SUNDAY LUNCH NONVEG",
      "Category": "FOOD - NON VEG",
      "ProductGroup": "BUFFET NONVEG",
      "Division": "FOOD",
      "Quantity": 3,
      "Amount": 720,
      "TotalAmount": -2160
    },
    {
      "DetailId": 8372254,
      "VisitId": 2596654,
      "CustomerId": 2596696,
      "ItemNo": "R000010189",
      "ItemName": "Kids Eat Free",
      "Category": "FOOD - VEG",
      "ProductGroup": "BUFFET VEG",
      "Division": "FOOD",
      "Quantity": 1,
      "Amount": 1,
      "TotalAmount": -1
    },
    {
      "DetailId": 8372255,
      "VisitId": 2596654,
      "CustomerId": 2596696,
      "ItemNo": "R00002562",
      "ItemName": "Pepsi",
      "Category": "NON-ALCOHLIC BEVERAGES",
      "ProductGroup": "SOFT DRINKS",
      "Division": "BEVERAGES & TOBACOO PRODUCTS",
      "Quantity": 1,
      "Amount": 90,
      "TotalAmount": -90
    },
    {
      "DetailId": 8372256,
      "VisitId": 2596654,
      "CustomerId": 2596696,
      "ItemNo": "R00020195",
      "ItemName": "Gleechee",
      "Category": "NON-ALCOHLIC BEVERAGES",
      "ProductGroup": "NON ALCOHOLIC MOCKTAILS",
      "Division": "BEVERAGES & TOBACOO PRODUCTS",
      "Quantity": 1,
      "Amount": 95,
      "TotalAmount": -95
    },
    {
      "DetailId": 8372257,
      "VisitId": 2596654,
      "CustomerId": 2596696,
      "ItemNo": "R00020198",
      "ItemName": "Strawberry & Basil Mojito",
      "Category": "NON-ALCOHLIC BEVERAGES",
      "ProductGroup": "NON ALCOHOLIC MOCKTAILS",
      "Division": "BEVERAGES & TOBACOO PRODUCTS",
      "Quantity": 1,
      "Amount": 95,
      "TotalAmount": -95
    },
    {
      "DetailId": 9068902,
      "VisitId": 2812552,
      "CustomerId": 2001303,
      "ItemNo": "I00006878",
      "ItemName": "DINNER VEG WED TO SUNDY",
      "Category": "FOOD - VEG",
      "ProductGroup": "BUFFET VEG",
      "Division": "FOOD",
      "Quantity": 5,
      "Amount": 653.12,
      "TotalAmount": -2746.77
    },
    {
      "DetailId": 9068903,
      "VisitId": 2812552,
      "CustomerId": 2001303,
      "ItemNo": "I00006879",
      "ItemName": "DINNER NONVEG WED TO SUNDY",
      "Category": "FOOD - NON VEG",
      "ProductGroup": "BUFFET NONVEG",
      "Division": "FOOD",
      "Quantity": 4,
      "Amount": 784.65,
      "TotalAmount": -2604.87
    },
    {
      "DetailId": 378820,
      "VisitId": 122101,
      "CustomerId": 980645,
      "ItemNo": "I00006875",
      "ItemName": "SUNDAY LUNCH NONVEG",
      "Category": "FOOD - NON VEG",
      "ProductGroup": "BUFFET NONVEG",
      "Division": "FOOD",
      "Quantity": 4,
      "Amount": 804,
      "TotalAmount": -3216
    },
    {
      "DetailId": 378821,
      "VisitId": 122101,
      "CustomerId": 980645,
      "ItemNo": "R00000100",
      "ItemName": "Chocolate Monk",
      "Category": "NON-ALCOHLIC BEVERAGES",
      "ProductGroup": "NON ALCOHOLIC MOCKTAILS",
      "Division": "BEVERAGES & TOBACOO PRODUCTS",
      "Quantity": 1,
      "Amount": 100,
      "TotalAmount": -100
    },
    {
      "DetailId": 378822,
      "VisitId": 122101,
      "CustomerId": 980645,
      "ItemNo": "R00000102",
      "ItemName": "Pacific Blue",
      "Category": "NON-ALCOHLIC BEVERAGES",
      "ProductGroup": "NON ALCOHOLIC MOCKTAILS",
      "Division": "BEVERAGES & TOBACOO PRODUCTS",
      "Quantity": 1,
      "Amount": 100,
      "TotalAmount": -100
    },
    {
      "DetailId": 378823,
      "VisitId": 122101,
      "CustomerId": 980645,
      "ItemNo": "R00000246",
      "ItemName": "Coke 250 ML",
      "Category": "NON-ALCOHLIC BEVERAGES",
      "ProductGroup": "SOFT DRINKS",
      "Division": "BEVERAGES & TOBACOO PRODUCTS",
      "Quantity": 2,
      "Amount": 60,
      "TotalAmount": -120
    },
    {
      "DetailId": 378824,
      "VisitId": 122101,
      "CustomerId": 980645,
      "ItemNo": "R00000364",
      "ItemName": "Juleps (Glass)",
      "Category": "NON-ALCOHLIC BEVERAGES",
      "ProductGroup": "NON ALCOHOLIC MOCKTAILS",
      "Division": "BEVERAGES & TOBACOO PRODUCTS",
      "Quantity": 2,
      "Amount": 150,
      "TotalAmount": -300
    },
    {
      "DetailId": 378825,
      "VisitId": 122101,
      "CustomerId": 980645,
      "ItemNo": "R000010189",
      "ItemName": "Kids Eat Free",
      "Category": "FOOD - VEG",
      "ProductGroup": "BUFFET VEG",
      "Division": "FOOD",
      "Quantity": 1,
      "Amount": 1,
      "TotalAmount": -1
    },
    {
      "DetailId": 1832205,
      "VisitId": 572387,
      "CustomerId": 2286670,
      "ItemNo": "I00006871",
      "ItemName": "LUNCH VEG",
      "Category": "FOOD - VEG",
      "ProductGroup": "BUFFET VEG",
      "Division": "FOOD",
      "Quantity": 2,
      "Amount": 500,
      "TotalAmount": -1000
    },
    {
      "DetailId": 1832206,
      "VisitId": 572387,
      "CustomerId": 2286670,
      "ItemNo": "I00006872",
      "ItemName": "LUNCH NON VEG",
      "Category": "FOOD - NON VEG",
      "ProductGroup": "BUFFET NONVEG",
      "Division": "FOOD",
      "Quantity": 4,
      "Amount": 600,
      "TotalAmount": -2400
    },
    {
      "DetailId": 1832207,
      "VisitId": 572387,
      "CustomerId": 2286670,
      "ItemNo": "R00000845",
      "ItemName": "Kingfisher Beer (Pint)",
      "Category": "ALCOHLIC BEVERAGES",
      "ProductGroup": "BEER",
      "Division": "BEVERAGES & TOBACOO PRODUCTS",
      "Quantity": 6,
      "Amount": 140,
      "TotalAmount": 0
    },
    {
      "DetailId": 1832208,
      "VisitId": 572387,
      "CustomerId": 2286670,
      "ItemNo": "R00002564",
      "ItemName": "7 UP (Soft Drink)",
      "Category": "NON-ALCOHLIC BEVERAGES",
      "ProductGroup": "SOFT DRINKS",
      "Division": "BEVERAGES & TOBACOO PRODUCTS",
      "Quantity": 1,
      "Amount": 60,
      "TotalAmount": -60
    },
    {
      "DetailId": 6148501,
      "VisitId": 1908737,
      "CustomerId": 2168832,
      "ItemNo": "I00006872",
      "ItemName": "LUNCH NON VEG",
      "Category": "FOOD - NON VEG",
      "ProductGroup": "BUFFET NONVEG",
      "Division": "FOOD",
      "Quantity": 4,
      "Amount": 699.3,
      "TotalAmount": -2797.2
    },
    {
      "DetailId": 6148502,
      "VisitId": 1908737,
      "CustomerId": 2168832,
      "ItemNo": "I00007158",
      "ItemName": "Complimentory Item-Chennai",
      "Category": "ALCOHLIC BEVERAGES",
      "ProductGroup": "ALCOHOLIC COCKTAILS",
      "Division": "BEVERAGES & TOBACOO PRODUCTS",
      "Quantity": 4,
      "Amount": 110,
      "TotalAmount": 0
    },
    {
      "DetailId": 6148503,
      "VisitId": 1908737,
      "CustomerId": 2168832,
      "ItemNo": "R00020191",
      "ItemName": "Virgin Mojito",
      "Category": "NON-ALCOHLIC BEVERAGES",
      "ProductGroup": "NON ALCOHOLIC MOCKTAILS",
      "Division": "BEVERAGES & TOBACOO PRODUCTS",
      "Quantity": 2,
      "Amount": 150,
      "TotalAmount": -300
    },
    {
      "DetailId": 8321842,
      "VisitId": 2580952,
      "CustomerId": 980645,
      "ItemNo": "I00006874",
      "ItemName": "SUNDAY LUNCH VEG",
      "Category": "FOOD - VEG",
      "ProductGroup": "BUFFET VEG",
      "Division": "FOOD",
      "Quantity": 2,
      "Amount": 672,
      "TotalAmount": -1344
    },
    {
      "DetailId": 8321843,
      "VisitId": 2580952,
      "CustomerId": 980645,
      "ItemNo": "I00006875",
      "ItemName": "SUNDAY LUNCH NONVEG",
      "Category": "FOOD - NON VEG",
      "ProductGroup": "BUFFET NONVEG",
      "Division": "FOOD",
      "Quantity": 6,
      "Amount": 804,
      "TotalAmount": -4824
    },
    {
      "DetailId": 8321844,
      "VisitId": 2580952,
      "CustomerId": 980645,
      "ItemNo": "R00000301",
      "ItemName": "Fresh Lime Water",
      "Category": "NON-ALCOHLIC BEVERAGES",
      "ProductGroup": "SOFT DRINKS",
      "Division": "BEVERAGES & TOBACOO PRODUCTS",
      "Quantity": 10,
      "Amount": 60,
      "TotalAmount": -600
    },
    {
      "DetailId": 9004488,
      "VisitId": 2792426,
      "CustomerId": 980645,
      "ItemNo": "I00006877",
      "ItemName": "DINNER NONVEG MON TO TUES",
      "Category": "FOOD - NON VEG",
      "ProductGroup": "BUFFET NONVEG",
      "Division": "FOOD",
      "Quantity": 2,
      "Amount": 738,
      "TotalAmount": -1476
    },
    {
      "DetailId": 9004489,
      "VisitId": 2792426,
      "CustomerId": 980645,
      "ItemNo": "R000010196",
      "ItemName": "Sea Breeze",
      "Category": "NON-ALCOHLIC BEVERAGES",
      "ProductGroup": "NON ALCOHOLIC MOCKTAILS",
      "Division": "BEVERAGES & TOBACOO PRODUCTS",
      "Quantity": 1,
      "Amount": 95,
      "TotalAmount": -95
    },
    {
      "DetailId": 9004490,
      "VisitId": 2792426,
      "CustomerId": 980645,
      "ItemNo": "R000010295",
      "ItemName": "Must Have IT",
      "Category": "NON-ALCOHLIC BEVERAGES",
      "ProductGroup": "NON ALCOHOLIC MOCKTAILS",
      "Division": "BEVERAGES & TOBACOO PRODUCTS",
      "Quantity": 1,
      "Amount": 95,
      "TotalAmount": -95
    },
    {
      "DetailId": 9004491,
      "VisitId": 2792426,
      "CustomerId": 980645,
      "ItemNo": "R00020197",
      "ItemName": "Italian Smooch",
      "Category": "NON-ALCOHLIC BEVERAGES",
      "ProductGroup": "NON ALCOHOLIC MOCKTAILS",
      "Division": "BEVERAGES & TOBACOO PRODUCTS",
      "Quantity": 1,
      "Amount": 95,
      "TotalAmount": -95
    },
    {
      "DetailId": 9004492,
      "VisitId": 2792426,
      "CustomerId": 980645,
      "ItemNo": "R00020465",
      "ItemName": "CITRUS MINT COOLER",
      "Category": "NON-ALCOHLIC BEVERAGES",
      "ProductGroup": "NON ALCOHOLIC MOCKTAILS",
      "Division": "BEVERAGES & TOBACOO PRODUCTS",
      "Quantity": 1,
      "Amount": 95,
      "TotalAmount": -95
    },
    {
      "DetailId": 1204708,
      "VisitId": 377871,
      "CustomerId": 2358241,
      "ItemNo": "I00006871",
      "ItemName": "LUNCH VEG",
      "Category": "FOOD - VEG",
      "ProductGroup": "BUFFET VEG",
      "Division": "FOOD",
      "Quantity": 1,
      "Amount": 500,
      "TotalAmount": -500
    },
    {
      "DetailId": 1204709,
      "VisitId": 377871,
      "CustomerId": 2358241,
      "ItemNo": "I00006872",
      "ItemName": "LUNCH NON VEG",
      "Category": "FOOD - NON VEG",
      "ProductGroup": "BUFFET NONVEG",
      "Division": "FOOD",
      "Quantity": 2,
      "Amount": 550,
      "TotalAmount": -1100
    },
    {
      "DetailId": 1204710,
      "VisitId": 377871,
      "CustomerId": 2358241,
      "ItemNo": "R00000301",
      "ItemName": "Fresh Lime Water",
      "Category": "NON-ALCOHLIC BEVERAGES",
      "ProductGroup": "SOFT DRINKS",
      "Division": "BEVERAGES & TOBACOO PRODUCTS",
      "Quantity": 3,
      "Amount": 60,
      "TotalAmount": 0
    },
    {
      "DetailId": 1204711,
      "VisitId": 377871,
      "CustomerId": 2358241,
      "ItemNo": "R00002562",
      "ItemName": "Pepsi",
      "Category": "NON-ALCOHLIC BEVERAGES",
      "ProductGroup": "SOFT DRINKS",
      "Division": "BEVERAGES & TOBACOO PRODUCTS",
      "Quantity": 1,
      "Amount": 60,
      "TotalAmount": -60
    },
    {
      "DetailId": 8496981,
      "VisitId": 2635438,
      "CustomerId": 980645,
      "ItemNo": "I00006877",
      "ItemName": "DINNER NONVEG MON TO TUES",
      "Category": "FOOD - NON VEG",
      "ProductGroup": "BUFFET NONVEG",
      "Division": "FOOD",
      "Quantity": 2,
      "Amount": 738,
      "TotalAmount": -1476
    },
    {
      "DetailId": 8496982,
      "VisitId": 2635438,
      "CustomerId": 980645,
      "ItemNo": "R00000364",
      "ItemName": "Juleps (Glass)",
      "Category": "NON-ALCOHLIC BEVERAGES",
      "ProductGroup": "NON ALCOHOLIC MOCKTAILS",
      "Division": "BEVERAGES & TOBACOO PRODUCTS",
      "Quantity": 1,
      "Amount": 150,
      "TotalAmount": -150
    },
    {
      "DetailId": 8567727,
      "VisitId": 2657299,
      "CustomerId": 980645,
      "ItemNo": "I00006877",
      "ItemName": "DINNER NONVEG MON TO TUES",
      "Category": "FOOD - NON VEG",
      "ProductGroup": "BUFFET NONVEG",
      "Division": "FOOD",
      "Quantity": 2,
      "Amount": 738,
      "TotalAmount": -1476
    },
    {
      "DetailId": 8567728,
      "VisitId": 2657299,
      "CustomerId": 980645,
      "ItemNo": "R00000364",
      "ItemName": "Juleps (Glass)",
      "Category": "NON-ALCOHLIC BEVERAGES",
      "ProductGroup": "NON ALCOHOLIC MOCKTAILS",
      "Division": "BEVERAGES & TOBACOO PRODUCTS",
      "Quantity": 1,
      "Amount": 150,
      "TotalAmount": -150
    },
    {
      "DetailId": 8567729,
      "VisitId": 2657299,
      "CustomerId": 980645,
      "ItemNo": "R00000374",
      "ItemName": "Lady in Red",
      "Category": "NON-ALCOHLIC BEVERAGES",
      "ProductGroup": "NON ALCOHOLIC MOCKTAILS",
      "Division": "BEVERAGES & TOBACOO PRODUCTS",
      "Quantity": 1,
      "Amount": 100,
      "TotalAmount": -100
    },
    {
      "DetailId": 8987422,
      "VisitId": 2787149,
      "CustomerId": 2001303,
      "ItemNo": "I00007753",
      "ItemName": "FESTIVAL FOOD DINNER VEG",
      "Category": "FOOD - VEG",
      "ProductGroup": "BUFFET VEG",
      "Division": "FOOD",
      "Quantity": 4,
      "Amount": 654.36,
      "TotalAmount": -2617.42
    },
    {
      "DetailId": 8987423,
      "VisitId": 2787149,
      "CustomerId": 2001303,
      "ItemNo": "I00007754",
      "ItemName": "FESTIVAL FOOD DINNER NON VEG",
      "Category": "FOOD - NON VEG",
      "ProductGroup": "BUFFET NONVEG",
      "Division": "FOOD",
      "Quantity": 5,
      "Amount": 781.59,
      "TotalAmount": -3907.95
    },
    {
      "DetailId": 9274344,
      "VisitId": 2876061,
      "CustomerId": 948934,
      "ItemNo": "I00006871",
      "ItemName": "LUNCH VEG",
      "Category": "FOOD - VEG",
      "ProductGroup": "BUFFET VEG",
      "Division": "FOOD",
      "Quantity": 4,
      "Amount": 500,
      "TotalAmount": -2000
    },
    {
      "DetailId": 9274345,
      "VisitId": 2876061,
      "CustomerId": 948934,
      "ItemNo": "I00006872",
      "ItemName": "LUNCH NON VEG",
      "Category": "FOOD - NON VEG",
      "ProductGroup": "BUFFET NONVEG",
      "Division": "FOOD",
      "Quantity": 11,
      "Amount": 550,
      "TotalAmount": -6050
    },
    {
      "DetailId": 9274346,
      "VisitId": 2876061,
      "CustomerId": 948934,
      "ItemNo": "R00000102",
      "ItemName": "Pacific Blue",
      "Category": "NON-ALCOHLIC BEVERAGES",
      "ProductGroup": "NON ALCOHOLIC MOCKTAILS",
      "Division": "BEVERAGES & TOBACOO PRODUCTS",
      "Quantity": 1,
      "Amount": 125,
      "TotalAmount": 0
    },
    {
      "DetailId": 9274347,
      "VisitId": 2876061,
      "CustomerId": 948934,
      "ItemNo": "R00000301",
      "ItemName": "Fresh Lime Water",
      "Category": "NON-ALCOHLIC BEVERAGES",
      "ProductGroup": "SOFT DRINKS",
      "Division": "BEVERAGES & TOBACOO PRODUCTS",
      "Quantity": 10,
      "Amount": 75,
      "TotalAmount": 0
    },
    {
      "DetailId": 9274348,
      "VisitId": 2876061,
      "CustomerId": 948934,
      "ItemNo": "R00000374",
      "ItemName": "Lady in Red",
      "Category": "NON-ALCOHLIC BEVERAGES",
      "ProductGroup": "NON ALCOHOLIC MOCKTAILS",
      "Division": "BEVERAGES & TOBACOO PRODUCTS",
      "Quantity": 2,
      "Amount": 125,
      "TotalAmount": 0
    },
    {
      "DetailId": 9274349,
      "VisitId": 2876061,
      "CustomerId": 948934,
      "ItemNo": "R00002562",
      "ItemName": "Pepsi",
      "Category": "NON-ALCOHLIC BEVERAGES",
      "ProductGroup": "SOFT DRINKS",
      "Division": "BEVERAGES & TOBACOO PRODUCTS",
      "Quantity": 2,
      "Amount": 60,
      "TotalAmount": 0
    },
    {
      "DetailId": 9344775,
      "VisitId": 2897735,
      "CustomerId": 2168832,
      "ItemNo": "I00006872",
      "ItemName": "LUNCH NON VEG",
      "Category": "FOOD - NON VEG",
      "ProductGroup": "BUFFET NONVEG",
      "Division": "FOOD",
      "Quantity": 8,
      "Amount": 666,
      "TotalAmount": -5328
    },
    {
      "DetailId": 9344776,
      "VisitId": 2897735,
      "CustomerId": 2168832,
      "ItemNo": "I00007158",
      "ItemName": "Complimentory Item-Chennai",
      "Category": "ALCOHLIC BEVERAGES",
      "ProductGroup": "ALCOHOLIC COCKTAILS",
      "Division": "BEVERAGES & TOBACOO PRODUCTS",
      "Quantity": 8,
      "Amount": 110,
      "TotalAmount": 0
    },
    {
      "DetailId": 9344777,
      "VisitId": 2897735,
      "CustomerId": 2168832,
      "ItemNo": "R00002562",
      "ItemName": "Pepsi",
      "Category": "NON-ALCOHLIC BEVERAGES",
      "ProductGroup": "SOFT DRINKS",
      "Division": "BEVERAGES & TOBACOO PRODUCTS",
      "Quantity": 1,
      "Amount": 90,
      "TotalAmount": -90
    },
    {
      "DetailId": 9344778,
      "VisitId": 2897735,
      "CustomerId": 2168832,
      "ItemNo": "R00020195",
      "ItemName": "Gleechee",
      "Category": "NON-ALCOHLIC BEVERAGES",
      "ProductGroup": "NON ALCOHOLIC MOCKTAILS",
      "Division": "BEVERAGES & TOBACOO PRODUCTS",
      "Quantity": 1,
      "Amount": 95,
      "TotalAmount": -95
    },
    {
      "DetailId": 9344779,
      "VisitId": 2897735,
      "CustomerId": 2168832,
      "ItemNo": "R00020198",
      "ItemName": "Strawberry & Basil Mojito",
      "Category": "NON-ALCOHLIC BEVERAGES",
      "ProductGroup": "NON ALCOHOLIC MOCKTAILS",
      "Division": "BEVERAGES & TOBACOO PRODUCTS",
      "Quantity": 1,
      "Amount": 95,
      "TotalAmount": -95
    },
    {
      "DetailId": 9344780,
      "VisitId": 2897735,
      "CustomerId": 2168832,
      "ItemNo": "R00020479",
      "ItemName": "LOBSTER NONVEG (SALE)",
      "Category": "ALACARTE FOOD NON VEG",
      "ProductGroup": "SEA FOOD",
      "Division": "FOOD",
      "Quantity": 1,
      "Amount": 1600,
      "TotalAmount": -1600
    },
    {
      "DetailId": 3620762,
      "VisitId": 1126054,
      "CustomerId": 980645,
      "ItemNo": "I00006877",
      "ItemName": "DINNER NONVEG MON TO TUES",
      "Category": "FOOD - NON VEG",
      "ProductGroup": "BUFFET NONVEG",
      "Division": "FOOD",
      "Quantity": 4,
      "Amount": 738,
      "TotalAmount": -2952
    },
    {
      "DetailId": 4456845,
      "VisitId": 1384725,
      "CustomerId": 980645,
      "ItemNo": "I00006877",
      "ItemName": "DINNER NONVEG MON TO TUES",
      "Category": "FOOD - NON VEG",
      "ProductGroup": "BUFFET NONVEG",
      "Division": "FOOD",
      "Quantity": 2,
      "Amount": 738,
      "TotalAmount": -1476
    },
    {
      "DetailId": 6080544,
      "VisitId": 1887729,
      "CustomerId": 980645,
      "ItemNo": "I00006876",
      "ItemName": "DINNER VEG MON TO TUES",
      "Category": "FOOD - VEG",
      "ProductGroup": "BUFFET VEG",
      "Division": "FOOD 1",
      "Quantity": 1,
      "Amount": 804,
      "TotalAmount": -636
    },
    {
      "DetailId": 6080545,
      "VisitId": 1887729,
      "CustomerId": 980645,
      "ItemNo": "I00006877",
      "ItemName": "DINNER NONVEG MON TO TUES",
      "Category": "FOOD - NON VEG",
      "ProductGroup": "BUFFET NONVEG",
      "Division": "FOOD 1",
      "Quantity": 4,
      "Amount": 936,
      "TotalAmount": -2952
    },
    {
      "DetailId": 6080546,
      "VisitId": 1887729,
      "CustomerId": 980645,
      "ItemNo": "R00000101",
      "ItemName": "Mango Rapture",
      "Category": "NON-ALCOHLIC BEVERAGES",
      "ProductGroup": "NON ALCOHOLIC MOCKTAILS",
      "Division": "BEVERAGES & TOBACOO PRODUCTS",
      "Quantity": 1,
      "Amount": 100,
      "TotalAmount": -100
    },
    {
      "DetailId": 6080547,
      "VisitId": 1887729,
      "CustomerId": 980645,
      "ItemNo": "R00000102",
      "ItemName": "Pacific Blue",
      "Category": "NON-ALCOHLIC BEVERAGES",
      "ProductGroup": "NON ALCOHOLIC MOCKTAILS",
      "Division": "BEVERAGES & TOBACOO PRODUCTS",
      "Quantity": 1,
      "Amount": 100,
      "TotalAmount": -100
    },
    {
      "DetailId": 6171535,
      "VisitId": 1915907,
      "CustomerId": 980645,
      "ItemNo": "I00006878",
      "ItemName": "DINNER VEG WED TO SUNDY",
      "Category": "FOOD - VEG",
      "ProductGroup": "BUFFET VEG",
      "Division": "FOOD",
      "Quantity": 4,
      "Amount": 804,
      "TotalAmount": -3216
    },
    {
      "DetailId": 6171536,
      "VisitId": 1915907,
      "CustomerId": 980645,
      "ItemNo": "I00006879",
      "ItemName": "DINNER NONVEG WED TO SUNDY",
      "Category": "FOOD - NON VEG",
      "ProductGroup": "BUFFET NONVEG",
      "Division": "FOOD",
      "Quantity": 6,
      "Amount": 936,
      "TotalAmount": -5616
    },
    {
      "DetailId": 6171537,
      "VisitId": 1915907,
      "CustomerId": 980645,
      "ItemNo": "R00000102",
      "ItemName": "Pacific Blue",
      "Category": "NON-ALCOHLIC BEVERAGES",
      "ProductGroup": "NON ALCOHOLIC MOCKTAILS",
      "Division": "BEVERAGES & TOBACOO PRODUCTS",
      "Quantity": 2,
      "Amount": 100,
      "TotalAmount": -200
    },
    {
      "DetailId": 6171538,
      "VisitId": 1915907,
      "CustomerId": 980645,
      "ItemNo": "R00000105",
      "ItemName": "Masala Cola",
      "Category": "NON-ALCOHLIC BEVERAGES",
      "ProductGroup": "NON ALCOHOLIC MOCKTAILS",
      "Division": "BEVERAGES & TOBACOO PRODUCTS",
      "Quantity": 2,
      "Amount": 80,
      "TotalAmount": -160
    },
    {
      "DetailId": 6171539,
      "VisitId": 1915907,
      "CustomerId": 980645,
      "ItemNo": "R00000364",
      "ItemName": "Juleps (Glass)",
      "Category": "NON-ALCOHLIC BEVERAGES",
      "ProductGroup": "NON ALCOHOLIC MOCKTAILS",
      "Division": "BEVERAGES & TOBACOO PRODUCTS",
      "Quantity": 5,
      "Amount": 150,
      "TotalAmount": -750
    },
    {
      "DetailId": 6550595,
      "VisitId": 2033060,
      "CustomerId": 2358241,
      "ItemNo": "I00006872",
      "ItemName": "LUNCH NON VEG",
      "Category": "FOOD - NON VEG",
      "ProductGroup": "BUFFET NONVEG",
      "Division": "FOOD",
      "Quantity": 2,
      "Amount": 550,
      "TotalAmount": -1100
    },
    {
      "DetailId": 6550596,
      "VisitId": 2033060,
      "CustomerId": 2358241,
      "ItemNo": "R00020509",
      "ItemName": "Spicy Masala Cola",
      "Category": "NON-ALCOHLIC BEVERAGES",
      "ProductGroup": "NON ALCOHOLIC MOCKTAILS",
      "Division": "BEVERAGES & TOBACOO PRODUCTS",
      "Quantity": 1,
      "Amount": 75,
      "TotalAmount": 0
    },
    {
      "DetailId": 6141180,
      "VisitId": 1906486,
      "CustomerId": 542255,
      "ItemNo": "I00006871",
      "ItemName": "LUNCH VEG",
      "Category": "FOOD - VEG",
      "ProductGroup": "BUFFET VEG",
      "Division": "FOOD",
      "Quantity": 1,
      "Amount": 525,
      "TotalAmount": -525
    },
    {
      "DetailId": 6141181,
      "VisitId": 1906486,
      "CustomerId": 542255,
      "ItemNo": "I00006872",
      "ItemName": "LUNCH NON VEG",
      "Category": "FOOD - NON VEG",
      "ProductGroup": "BUFFET NONVEG",
      "Division": "FOOD",
      "Quantity": 3,
      "Amount": 630,
      "TotalAmount": -1890
    },
    {
      "DetailId": 6141182,
      "VisitId": 1906486,
      "CustomerId": 542255,
      "ItemNo": "R00001377",
      "ItemName": "Beer Heniken Imported (Pint)",
      "Category": "ALCOHLIC BEVERAGES",
      "ProductGroup": "BEER",
      "Division": "BEVERAGES & TOBACOO PRODUCTS",
      "Quantity": 2,
      "Amount": 195,
      "TotalAmount": -390
    },
    {
      "DetailId": 6141183,
      "VisitId": 1906486,
      "CustomerId": 542255,
      "ItemNo": "R00002562",
      "ItemName": "Pepsi",
      "Category": "NON-ALCOHLIC BEVERAGES",
      "ProductGroup": "SOFT DRINKS",
      "Division": "BEVERAGES & TOBACOO PRODUCTS",
      "Quantity": 1,
      "Amount": 90,
      "TotalAmount": 0
    },
    {
      "DetailId": 6141184,
      "VisitId": 1906486,
      "CustomerId": 542255,
      "ItemNo": "R00002563",
      "ItemName": "Mirinda",
      "Category": "NON-ALCOHLIC BEVERAGES",
      "ProductGroup": "SOFT DRINKS",
      "Division": "BEVERAGES & TOBACOO PRODUCTS",
      "Quantity": 1,
      "Amount": 90,
      "TotalAmount": 0
    },
    {
      "DetailId": 6141185,
      "VisitId": 1906486,
      "CustomerId": 542255,
      "ItemNo": "R00002564",
      "ItemName": "7 UP (Soft Drink)",
      "Category": "NON-ALCOHLIC BEVERAGES",
      "ProductGroup": "SOFT DRINKS",
      "Division": "BEVERAGES & TOBACOO PRODUCTS",
      "Quantity": 1,
      "Amount": 90,
      "TotalAmount": 0
    },
    {
      "DetailId": 8202533,
      "VisitId": 2544018,
      "CustomerId": 980645,
      "ItemNo": "I00006877",
      "ItemName": "DINNER NONVEG MON TO TUES",
      "Category": "FOOD - NON VEG",
      "ProductGroup": "BUFFET NONVEG",
      "Division": "FOOD",
      "Quantity": 2,
      "Amount": 936,
      "TotalAmount": -1476
    },
    {
      "DetailId": 8202534,
      "VisitId": 2544018,
      "CustomerId": 980645,
      "ItemNo": "R00000105",
      "ItemName": "Masala Cola",
      "Category": "NON-ALCOHLIC BEVERAGES",
      "ProductGroup": "NON ALCOHOLIC MOCKTAILS",
      "Division": "BEVERAGES & TOBACOO PRODUCTS",
      "Quantity": 1,
      "Amount": 80,
      "TotalAmount": -80
    }
  ]

